[DOC] AK CLIMBS Assurance - State of Alaska,https://gms.education.alaska.gov/documentlibrary/ViewDocument.aspx%3FDocumentKey%3D669192%26inline%3Dtrue
[DOC] Climbing Display Table - The Mountaineers,https://www.mountaineers.org/locations-lodges/seattle-program-center/bookstore/book-bundles
[DOC] I want to climb more regularly. Which gym should I go to? - Blueprint,https://blueprint.uchicago.edu/organization/urock/documents/view/991328
[DOC] Wauwatosa East Rock Climbing Club - Amazon S3,https://s3-us-west-2.amazonaws.com/sportshub2-uploads-prod/files/sites/219/2017/11/17210939/Climbing-Info-1.docx
[DOC] Climbing - US Scouting Service Project,http://www.usscouts.org/mb/worksheets/Climbing.docx
[DOC] Rock Climbing - Department of Education and Training Victoria,https://www.education.vic.gov.au/PAL/excursions-rock-climbing-guidelines.docx
[DOC] Climbing Wall Attendant - Whitworth University,https://www.whitworth.edu/cms/media/whitworth/documents/administration/university-recreation-center/climbing-wall-attendant-application.docx
[DOC] youth climbing club pricing and timing - High Altitude Fitness,https://www.highaltitudefit.net/s/YouthClimbingAPR2021.docx
[DOC] TEAM HANDBOOK,https://irp.cdn-website.com/9a09fb82/files/uploaded/2021_22%2520TeamParent%2520Handbook.docx
[DOC] Climbing Wall Belayer Certification Badge - Get Involved,https://getinvolved.potsdam.edu/organization/summit/documents/view/1779647
