[PDF] Macrophage Behaviour During the Complaisant - NCBI,https://www.ncbi.nlm.nih.gov/pmc/articles/PMC1456019/pdf/immunology00383-0058.pdf
"Complaisance and Complacence, and the Perils of Pleasing ... - jstor",https://www.jstor.org/stable/1556258
[PDF] Complacent vs. Complaisant | English Grammar,https://www.englishgrammar.org/complacent-vs-complaisant/%3Fpdf%3D9614
Étalage complaisant?: The Torments of Christ in French Passion Plays,https://muse.jhu.edu/article/488385/pdf
"[PDF] WYNNE, Shirley Spackman, 1928 - OhioLINK ETD Center",https://etd.ohiolink.edu/apexprod/rws_etd/send_file/send%3Faccession%3Dosu1486644314876732%26disposition%3Dinline
[PDF] Analyzing Citizens' Motives Near Concentration and Extermination ...,https://commons.lib.jmu.edu/cgi/viewcontent.cgi%3Farticle%3D1103%26context%3Dmadrush
[PDF] Un passeport de complaisance - International Monetary Fund,https://www.imf.org/external/pubs/ft/fandd/fre/2015/12/pdf/gold.pdf
Complaisance or compliance with Commonwealth principles? An ...,https://www.tandfonline.com/doi/pdf/10.1080/14662040412331310171
Commonwealth principles—compliance or complaisance?,https://www.tandfonline.com/doi/pdf/10.1080/0035853032000150618
4 Complaisance and the Question of Autonomy in the French ...,https://api.taylorfrancis.com/content/chapters/edit/download%3FidentifierName%3Ddoi%26identifierValue%3D10.4324/9781315185330-4%26type%3Dchapterpdf
CONTRA PUBLIUS: THE HOUSE AS CURE FOR THE ...,https://papers.ssrn.com/sol3/Delivery.cfm/SSRN_ID3717774_code1852903.pdf%3Fabstractid%3D3717774%26mirid%3D1
JULY 1961J 409 and hostility toward the United States,https://academic.oup.com/ia/article-pdf/37/3/409/13099594/ia-37-3-409.pdf
[PDF] The Intrauterine Device - EngagedScholarship@CSU,https://engagedscholarship.csuohio.edu/cgi/viewcontent.cgi%3Farticle%3D2327%26context%3Dclevstlrev
"[PDF] plimenting and flattering m y parties, till by dint of complaisance and ...",https://libsvcs-1.its.yale.edu/walpoleimages/hwcorrespondence/33/123.pdf
[PDF] Droits de l'homme en Europe : la complaisance n'a pas sa place,https://rm.coe.int/droits-de-l-homme-en-europe-la-complaisance-n-a-pas-sa-place-points-de/16808d2518
[PDF] DEFINITIONS MARIAGE DE COMPLAISANCE-FORCE.pdf,https://igvm-iefh.belgium.be/sites/default/files/downloads/DEFINITIONS%2520MARIAGE%2520DE%2520COMPLAISANCE-FORCE.pdf
"[PDF] Memory, ethics and (post)critique. A triangular reading of Simona ...",https://www.ff.unipo.sk/jak/45-46_2021/Simona%2520Mitroiu_Laura%2520Pricop_Andreea%2520Mironescu_studia.pdf
"[PDF] THAILAND Consolidating internal security state, complaisant judiciary",http://www.humanrights.asia/wp-content/uploads/2018/07/AHRC-SPR-012-2011-HRRptThailand.pdf
[PDF] T.I. 125 – COHABITATION LEGALE DE COMPLAISANCE,https://www.ibz.rrn.fgov.be/fileadmin/user_upload/fr/rn/instructions/liste-TI/TI125_CohabitationLegalecomplaisance.pdf
[PDF] JE SAIS TOUT SUR LA SIGNATURE DE COMPLAISANCE,https://www.architectes.org/sites/default/files/atoms/files/croa_livret_20p_03.20_vdef-croa-ara.pdf
