dotnet-please/build-and-install.ps1 at main · morganstanley/dotnet ...,https://github.com/morganstanley/dotnet-please/blob/main/build-and-install.ps1
Public/Remove-SnipeitUser.ps1 1.10.189 - PowerShell Gallery,https://www.powershellgallery.com/packages/SnipeitPS/1.10.189/Content/Public%255CRemove-SnipeitUser.ps1
Functions/Assertions/Set-TestInconclusive.ps1 4.8.1,https://www.powershellgallery.com/packages/Pester/4.8.1/Content/Functions%255CAssertions%255CSet-TestInconclusive.ps1
https://content.spiceworksstatic.com/service.commu...,https://content.spiceworksstatic.com/service.community/p/post_attachments/0000161003/533c7a39/attached_file/passwordexpiring.ps1
https://www.telnetport25.com/Scripts/powershell/rs...,https://www.telnetport25.com/Scripts/powershell/rsg/WindowsBUEPIRSG.ps1
Public/Export-AGMLibSLT.ps1 0.0.0.32 - PowerShell Gallery,https://psg-prod-centralus.cloudapp.net/packages/AGMPowerLib/0.0.0.32/Content/Public%255CExport-AGMLibSLT.ps1
Read-HostWithPrompt.ps1 · master - O'Reilly Resources,https://resources.oreilly.com/examples/9780596528492/-/blob/master/Read-HostWithPrompt.ps1
https://raw.githubusercontent.com/microsoft/Docker...,https://raw.githubusercontent.com/microsoft/Docker-Provider/ci_dev/scripts/troubleshoot/TroubleshootError_nonAzureK8s.ps1
Profile production apps in Azure with Application Insights Profiler,https://serviceprofiler.azurewebsites.net/content/downloads/InstallNetFx46.ps1
Untitled,https://bindplane.bluemedora.com/collectors/windows_install.ps1
https://platform.activestate.com/dl/cli/pdli01/leg...,https://platform.activestate.com/dl/cli/pdli01/legacy-install.ps1
Untitled,https://appwrite.io/cli/install.ps1
Download (6 KB) - Perforce Workshop,https://swarm.workshop.perforce.com/downloads/guest/robert_cowham/p4v-custom-tools/main/freeze_stream.ps1
build.ps1 · master · mirrors / alexeyab / darknet - GitCode,https://gitcode.net/mirrors/alexeyab/darknet/-/blob/master/build.ps1
installabsolutelatest.ps1 - community chocolatey,https://community.chocolatey.org/InstallAbsoluteLatest.ps1
buildResilientExchangeOnlineSe...,https://gitlab.com/Lieben/assortedFunctions/blob/master/buildResilientExchangeOnlineSession.ps1
Playstation 1 Android 1.5 APK - com.kang.ps1 APK Download,https://apksos.com/app/com.kang.ps1
https://sangamapps2.blob.core.windows.net/aad-aap-...,https://sangamapps2.blob.core.windows.net/aad-aap-creation/AADAapCreation.ps1
package/windows/bootstrap.ps1 - Rancher - Fossies,https://fossies.org/linux/rancher/package/windows/bootstrap.ps1
agents/windows/plugins/arcserve_backup.ps1 - GitLab,https://git.onesystems.ch/Monitoring/check_mk/-/blob/0197d0c281d0313188e86889fc3166f6a509eaa1/agents/windows/plugins/arcserve_backup.ps1
nishang/Add-Persistence.ps1 at master - GitHub,https://api.mtr.pub/samratashok/nishang/blob/master/Utility/Add-Persistence.ps1
ariel/vSphereAutoLab: #vSphereAutoLab Nested vSphere lab that ...,https://git.aanetworks.org/ariel/vSphereAutoLab/src/branch/master/Build/Automate/Validate.ps1%3Flang%3Dpt-BR
Profile Backup.ps1 · master · Shawn M. Garringer / Profile Backup ...,https://git.planetcr.net/sgarringer/profile-backup-utility/-/blob/master/Profile%2520Backup.ps1
PSX 2019: Emulator Pro By Cflix 1.0 APK,https://apkaio.com/app/com.cflix.ps1
flagrant99/ScraperGamesDB.ps1 - bytemeta,https://bytemeta.vip/repo/flagrant99/ScraperGamesDB.ps1
bootstrap.ps1_rancher_NowcoderGit_牛客网,https://git.nowcoder.com/11000160/rancher/blob/master/package/windows/bootstrap.ps1
Remove DuplicateItems.ps1 - David-Barrett-MS/PowerShell-EWS ...,https://github-wiki-see.page/m/David-Barrett-MS/PowerShell-EWS-Scripts/wiki/Remove-DuplicateItems.ps1
Get NetAppState.ps1 - johanneslatzel/nuttercode-prtg Wiki,https://github-wiki-see.page/m/johanneslatzel/nuttercode-prtg/wiki/Get-NetAppState.ps1
