Meu professor safadinho.MOV - XVIDEOS.COM,https://www.xvideos.com/video8376550/meu_professor_safadinho.mov%3Fpl%3D5371500%26plname%3Dfav
trim.32E936E9-956A-428D-B527-2ECB7692DAF7.MOV,https://hi.zex.mx/video9978561/trim.32e936e9-956a-428d-b527-2ecb7692daf7.mov%3Fpl%3D7074199%26plname%3Dpleasure_package
eri tetona&period;MOV - Free Porn Videos - XVIDEOS.COM,https://xvideos.wptri.com/video7883231/eri_tetona.mov%3Fpl%3D4754235%26plname%3Dtetazas
trim.4741EB4E-998F-4573-A056-1396648BBD16.MOV 5 मिनट,https://xvideosin.pornz.mx/video31659539/trim.4741eb4e-998f-4573-a056-1396648bbd16.mov%3Fpl%3D35326481%26plname%3Dbig_beautiful_boobs
IMG 3535.MOV - videossa.com,https://videossa.com/video8648107/img_3535.mov%3Fpl%3D3773191%26plname%3Dtelugu
trim.3E95C471-9A00-4EAC-81D1-17BC76D4A5EF.MOV,https://videossa.club/video27638889/trim.3e95c471-9a00-4eac-81d1-17bc76d4a5ef.mov%3Fpl%3D69487119%26plname%3Ddeep_throat
"Masturb Man, big dick.MOV - Free Porn Videos - XVIDEOS.COM",https://xvideos.badporno.net/video15900617/12/masturb_man_big_dick.mov%3Fpl%3D12709105%26plname%3Dpijas_que_le_gustan_a_las_mujeres_
ass getting punched.MOV - XVIDEOS.COM,https://evolutiondigital.group/video16731571/ass_getting_punched.mov%3Fpl%3D5383587%26plname%3Damador
tetas.MOV - XVIDEOS88.COM,https://www.xvideos88.com/video31948663/tetas.mov%3Fpl%3D25122575%26plname%3Dxxx
P2250034.MOV - XVIDEOS88.COM,https://www.xvideos88.com/video1304522/p2250034.mov%3Fpl%3D3699129%26plname%3Dveronica
trim.F2D5D04D-9E40-442C-87C8-AE97CAA86BDB.MOV 61秒,https://cn.xn--xvidos-eva.net/video19834937/trim.f2d5d04d-9e40-442c-87c8-ae97caa86bdb.mov%3Fpl%3D37131695%26plname%3Dmandi_s_favorites
trim.651A5AB6-4387-4FC6-94DA-8AFED96FC03E.MOV 59秒720p,https://cn.xn--xvidos-eva.net/video24847495/trim.651a5ab6-4387-4fc6-94da-8afed96fc03e.mov%3Fpl%3D53217079%26plname%3Damateur_hour
4D3F5657-4109-4171-A679-719893834F5A.MOV - XVIDEOS.COM,https://xvideoscn-gay.beeg.ac/video34062319/4d3f5657-4109-4171-a679-719893834f5a.mov%3Fpl%3D68174075%26plname%3Djillin_
trim.651A5AB6-4387-4FC6-94DA-8AFED96FC03E.MOV - XVIDEOS ...,https://xvideoskr-shemale.pornhub4.com/video24847495/trim.651a5ab6-4387-4fc6-94da-8afed96fc03e.mov%3Fpl%3D27072159%26plname%3Deat_eat
trim.FBBE2956-FEF8-4415-B510-461E8087CFF5.MOV,https://cn.xvideos-porno.org/video/1wNO5/trim.fbbe2956-fef8-4415-b510-461e8087cff5.mov%3Fpl%3D12078373%26plname%3Dghjk
