[XLS] COB - Cooch Behar,http://coochbehar.nic.in/XLSfiles/Hats_n_Markets.xls
[XLS] icds - Cooch Behar,http://coochbehar.nic.in/XLSfiles/Anganwari_Centres.xls
[XLS] Office 2007 XLSX Test Document,https://wbmsme.gov.in/msmecluster_excel_unit/25
[XLS] Accepted Applications of 1903201607001_46 - Kanyashree,https://www.wbkanyashree.gov.in/readwrite/accepted/1903201607001_46.xls
[XLS] Accepted Applications of 1903201707001_1 - Kanyashree,https://www.wbkanyashree.gov.in/readwrite/accepted/1903201707001_1.xls
"[XLS] abn seal college, cooch behar, aqar 2017-2018 - NAAC",https://assessmentonline.naac.gov.in/public/Postacc/Index/3204_Index_1637148781.xls
[XLS] Total A B C D E F G H I J K L M N O P Q R S 1 Name of the ULB ...,https://www.sudawb.org/wbdma_oldversion/Housing_for_Urban_poor/Coochbehar.xls
[XLS] A05 - Cooch Behar,http://coochbehar.gov.in/HTMFiles/AElection2006/AC_03_A05.xls
[XLS] financial terms A B C D E F 1 2 Financial Terms 3 4 2013 2014 5 ...,https://investors.nrg.com/static-files/0beaf259-3e82-4cef-9e64-f861e920cf16
[XLS] Sheet1 A B C D E F G H I J K L M N 1 2 3 COOCH BEHAE ...,http://coochbeharcollege.org.in/two.xls
