[PDF] OPTAVIAÂ® Dining Out Guide,https://optaviamedia.com/pdf/learn/50054-GUI_OPTAVIA-Dining-Out.pdf
[PDF] IT Carve-out guide,https://wwwmatthes.in.tum.de/file/klnottmg2609/sebis-Public-Website/-/IT-Carve-out-Guide/ITCarve-outGuide.pdf
[PDF] Dining Out Guide - Juxtapid,https://juxtapid.com/dining-out-guide/
[PDF] DIGITAL EXHAUST OPT OUT GUIDE - Investigator's Toolbox,https://investigators-toolbox.com/wp-content/uploads/2020/09/Digital-Exhaust-Opt-Out-Guide-for-Law-Enforcement.pdf
[PDF] City of Providence Move In/Out Guide,https://www.brown.edu/offices/real-estate/sites/offices-real-estate/files/PVD%2520Move-in%2520%2526%2520Move-out%2520guide%25202021.pdf
[PDF] Calling In and Calling Out Guide,https://edib.harvard.edu/files/dib/files/calling_in_and_calling_out_guide_v4.pdf%3Fm%3D1625683246
[PDF] Ottawa Going Out Guide - Red's Savoy Pizza,https://savoypizza.com/wp-content/uploads/formidable/6/ottawa-going-out-guide.pdf
[PDF] UNIVERSITY APARTMENTS MOVE-OUT GUIDE Built for your ...,https://media.housing.wisc.edu/documents/university-apartments/UA-Move-Out-Guide.pdf
[PDF] EATING OUT GUIDE - Nutrisystem,https://www.nutrisystem.com/pdf/EOG.pdf
[PDF] Your Guide to Recycling and Sustainable Materials Management,https://www.brookhavenny.gov/408/Throwing-It-Out-Guide-PDF
