[PS] Euclid's Windows and our Mirrors - SunSite UBC,http://www.sunsite.ubc.ca/DigitalMathArchive/Langlands/euclid/euclid-ps.ps
[PS] Linear groups in Galois fields. A case study of tacit circulation of ...,https://hal.archives-ouvertes.fr/file/index/docid/669761/filename/Brechenmacher%2520Linear%2520groups%2520Galois%2520fields.ps
[PS] Book Review James Joseph Sylvester Life and Work in Letters ...,http://www.irishmathsoc.org/bull42/sylvestr.ps
[PS] Semantics and Interaction in Dialogue,ftp://ftp.cogsci.ed.ac.uk/pub/ginzburg/Dialogue-Course/intro.ps
"[PS] Serena Moore 'â€¦ balanced, like someone skating ... - ResourceSpace",https://resourcespace.wolf.ox.ac.uk/resourcespace/filestore/5/3/8/6_59a3a32fe240d9a/5386_2bee7338fa0cb4d.jpg.ps
[PS] A Complete Bibliography of Publications in Ambix,ftp://ftp.math.utah.edu/pub/tex/bib/ambix.ps.gz
[PS] A Complete Bibliography of Publications in the British Journal for the ...,ftp://ftp.math.utah.edu/pub/tex/bib/bjhs2010.ps.gz
[PS] LIFE AND INEQUALITIES: DS MITRINOVI C (1908{1995 ... - MI SANU,http://www.mi.sanu.ac.rs/~gvm/radovi/intro1.ps
"[PS] POSTS: Waterloo SCRIPT 89.1 (89APR06) 21:49:05 March 10, 1993",http://cardscorporate.com/sgml/tei/TEI/P2CC.PS
[PS] A Complete Bibliography of Publications in Journal for the History of ...,ftp://tug.ctan.org/pub/texcollection/doc/french/texlive-fr/tex/bib/jhistastron.ps.gz
[PS] The Historical Nights' Entertainment by Rafael Sabatini,https://rakeshv.org/books/ps/hnits10.ps
"[PS] POSTS: Waterloo SCRIPT 89.1 (89APR06) 11:44:53 March 26, 1993",http://cardscorporate.com/sgml/tei/TEI/P2DS.PS
