[PDF] Slickrock Foot Trail Guide - National Park Service,https://www.nps.gov/cany/planyourvisit/upload/Slickrock-508.pdf
[PDF] 065 - SLICKROCK,https://www.nps.gov/romo/planyourvisit/upload/065-Slickrock-2017-2.pdf
[PDF] SLICKROCK BIKE TRAIL - City of Moab,https://www.moabcity.org/DocumentCenter/View/2481/Slickrock-Bike-Trail-50th-Anniversary-Celebration
[PDF] Slickrock Trail Mountain Bike Survey - USU Extension,https://extension.usu.edu/iort/files/NR_RF_012.pdf
[PDF] Moab Slickrock Bike Trail - Bureau of Land Management,https://www.blm.gov/sites/blm.gov/files/documents/files/MountainBikeTrailsSlickrock.pdf
[PDF] Moab E-Bike Trails - Bureau of Land Management,https://www.blm.gov/sites/blm.gov/files/documents/files/BLMUtahEbikeOpportunities.pdf
[PDF] Joyce Kilmer Slickrock Wilderness - USDA Forest Service,https://www.fs.usda.gov/Internet/FSE_DOCUMENTS/stelprd3791862.pdf
[PDF] Slickrock Campground Guest Guide,https://952ws4ayphb1pfk6hy8v3gfr-wpengine.netdna-ssl.com/wp-content/uploads/2019/12/slickrock-guest-map-2021.pdf
[PDF] Slickrock Rescue | Esri,https://www.esri.com/content/dam/esrisites/en-us/newsroom/arcuser/slickrock-rescue.pdf
[PDF] SLICKROCK™ - Spektrum,https://www.spektrumrc.com/ProdInfo/Files/VTR01003-manual-EN.pdf
"[PDF] Hello, and thank you for booking your Belize vacation with Slickrock ...",https://www.slickrock.com/wp-content/uploads/2019/10/Slickrock-Belize-Adventures-Trip-Information-Packet.pdf
Slickrock-Belize-Adventures-digital-brochure.pdf,https://www.slickrock.com/wp-content/uploads/2019/07/Slickrock-Belize-Adventures-digital-brochure.pdf
[PDF] Slickrock Bike trail and Hells Revenge 4x4 trail - Grand County Utah,https://www.grandcountyutah.net/DocumentCenter/View/9648/Slickrock-Bike-trail-and-Hells-Revenge-4x4-trail
[PDF] Sand Flats Recreation Area Visitor Guide - Grand County Utah,https://www.grandcountyutah.net/505/Sand-Flats-Recreation-Area-Visitor-Guide
[PDF] SLICKROCK BENCH TRAIL - TORREY - Road Trip Ryan,https://www.roadtripryan.com/go/pdf/downloadpdf%3Fdownload-file%3Dslickrock-bench-trail.pdf%26filename%3Dslickrock-bench-trail-capitol-reef.pdf
[PDF] Slickrock The Canyon Country Of Southeast Utah - Sena-Esteves Lab,https://senaesteveslab.umassmed.edu/common/slickrock-the-canyon-country-of-southeast-utah/%3Fredir_esc%3DD998
[PDF] Slickrock The Canyon Country Of Southeast Utah - Sena-Esteves Lab,https://senaesteveslab.umassmed.edu/book/slickrock-the-canyon-country-of-southeast-utah/%3Fcontext%3DX4452
[PDF] Fruita Elementary Name other suggestions.pdf,https://d51schools.org/UserFiles/Servers/Server_81788/File/Fruita%2520Elementary%2520Name%2520other%2520suggestions.pdf
[PDF] Sand-Flats-Slicrock-and-Hells-Revenge-Trail-Maps-2017.pdf,https://discovermoab.com/wp-content/uploads/2017/07/Sand-Flats-Slicrock-and-Hells-Revenge-Trail-Maps-2017.pdf
[PDF] JK Pockets​TM​ Installation Instructions - Slickrock Gear,https://www.slickrockgear.com/content/install/jk-pockets-installation.pdf
