[PDF] Understanding On-line Amperometric Chlorine Measurements,https://chemtrac.com/wp-content/uploads/Understanding-On-line-Amperometric-Chlorine-Measurements.pdf
[PDF] chlorine-measurement-dpd-colorimetric-vs-amperometric-electrode ...,https://www.ysi.com/file%2520library/documents/guides/chlorine-measurement-dpd-colorimetric-vs-amperometric-electrode-method.pdf
[PDF] Voltammetric and Amperometric Sensors,https://ec.europa.eu/programmes/erasmus-plus/project-result-content/0f4a4c0a-51ca-4c58-8347-85926c2aae5f/3-P_7_29.pdf
[PDF] Amperometric Biosensors,https://tue.iitm.ac.in/Teaching_and_Presentation/grouppresentations/instrumental_presentation2014/Amperometric%2520biosensors%252004-10-2014.pdf
[PDF] Amperometric Probes or DPD Analyzers: Which Is Best For On-Line ...,https://www.hach.com/asset-get.download-en.jsa%3Fid%3D7639984804
[PDF] Chlorine Measurement by Amperometric Sensor | Emerson,https://www.emerson.com/documents/automation/application-data-sheet-chlorine-measurement-by-amperometric-sensor-rosemount-en-68454.pdf
[PDF] measuring system for amperometric chemical sensors using,http://www.scielo.org.mx/pdf/jart/v1n2/v1n2a1.pdf
Biosensors: Potentiometric and Amperometric - ACS Publications,https://pubs.acs.org/doi/pdf/10.1021/ac00145a727
[PDF] Optimal Settings for Pulsed Amperometric Detection of ...,https://tools.thermofisher.com/content/sfs/brochures/TN-21-Optimal-Settings-Pulsed-Amperometric-Detection-Carbohydrates-ED40-TN70670-EN.pdf
Experimental procedures for the determination of amperometric ...,https://www.sciencedirect.com/science/article/pii/000326709400511J/pdf%3Fmd5%3D0309e621178396caf26314341762365f%26pid%3D1-s2.0-000326709400511J-main.pdf%26_valck%3D1
[PDF] Concurrent Potentiometric and Amperometric Sensing with Shared ...,https://discovery.ucl.ac.uk/id/eprint/10117012/1/09265236.pdf
Performance Evaluation of Amperometric Sensors for the Monitoring ...,https://www.sciencedirect.com/science/article/pii/S1877705815023395/pdf%3Fmd5%3D9f0054bf83bf11e68ec194b80394de08%26pid%3D1-s2.0-S1877705815023395-main.pdf
[PDF] Amperometric Biosensors 1 - Wiley-VCH,https://www.wiley-vch.de/books/sample/3527328858_c01.pdf
[PDF] Amperometric Gas detection: A Review,http://www.electrochemsci.org/papers/vol9/91207152.pdf
[PDF] An Amperometric Titration Procedure for the Determination of Total ...,http://www.gfredlee.com/SurfaceWQ/Amperometric-Titration-Procedure.pdf
[PDF] Amperometric Detection in High-Performance Liquid,https://www.electrochem.org/dl/ma/203/pdfs/2933.pdf
[PDF] AMPEROMETRIC SENSORS - BAMO EU,https://www.bamo.eu/international/da193-01.pdf
[PDF] Measurement Uncertainty Estimation in Amperometric Sensors,http://citeseerx.ist.psu.edu/viewdoc/download%3Fdoi%3D10.1.1.271.9627%26rep%3Drep1%26type%3Dpdf
Amperometric detection of stimulus-induced quantal release ... - PNAS,https://www.pnas.org/doi/pdf/10.1073/pnas.92.15.6938
[PDF] Amperometric Instrumentation System with On-Chip Electrode Array ...,https://www.egr.msu.edu/~mason/pubs/BioCAS10_Li_ECarray.pdf
[PDF] A Novel Amperometric Glutamate Biosensor Based on Glutamate ...,https://d-nb.info/1130540979/34
A Printed Organic Circuit System for Wearable Amperometric ...,https://www.nature.com/articles/s41598-018-24744-x.pdf%3Forigin%3Dppub
[PDF] Theoretical and Numerical Analysis of Nonlinear Processes in ...,https://www.mdpi.com/2673-3293/3/1/5/pdf
[PDF] Amperometric Sensor Fill #4 - Instrumart,https://www.instrumart.com/assets/AmperometricFill4-MSDS-1501051-062116.pdf
[PDF] Amperometric Sensor Fill Solution #3 - Instrumart,https://www.instrumart.com/assets/9210299_AMP_FILL3.pdf
[PDF] An Amperometric Biosensor for Glucose Determination ... - CiteSeerX,http://citeseerx.ist.psu.edu/viewdoc/download%3Fdoi%3D10.1.1.288.1285%26rep%3Drep1%26type%3Dpdf
CMOS Amperometric Instrumentation and Packaging for Biosensor ...,https://ieeexplore.ieee.org/iel5/4156126/6058665/06046102.pdf
[PDF] Amperometric sensor for nanomolar nitrous oxide analysis,https://nitrogen.princeton.edu/sites/nitrogen/files/damgaardetal_2020_n2osensor.pdf
How Do Pulsed Amperometric Ion Sensors Work? A Simple PDE ...,https://epubs.siam.org/doi/pdf/10.1137/S00361445003771
[PDF] Amperometric Titrator - BORGES & MAHONEY INC,https://www.borgesmahoney.com/Manuals/Evoqua%2520Manuals/WT.050.262.001.UA.IM.1014%2520A790%2520Titrator.pdf
[PDF] Combined Amperometric/Field-Effect Sensor for the Detection of ...,https://www.ama-science.org/proceedings/getFile/ZGRlBN%3D%3D
[PDF] A probe for NADH and H2O2 amperometric detection at low applied ...,http://www.francescoriccilab.com/wp-content/uploads/2013/01/18.pdf
[PDF] Analytical Instrumentation - Amperometric Titrator - TRILITY,http://trility.com.au/wp-content/uploads/woocommerce_uploads/Amperometric-Titrator.pdf
[PDF] Amperometric Glucose Sensors for Whole Blood Measurement ...,https://cdn.intechopen.com/pdfs/40937/InTech-Amperometric_glucose_sensors_for_whole_blood_measurement_based_on_dehydrogenase_enzymes.pdf
[PDF] yt322thesisPDF.pdf - eCommons@Cornell,https://ecommons.cornell.edu/bitstream/handle/1813/29527/yt322thesisPDF.pdf%3Fsequence%3D1%26isAllowed%3Dn
[PDF] Factors Affecting Amperometric Signal Enhancement o,https://scholarship.richmond.edu/cgi/viewcontent.cgi%3Farticle%3D1078%26context%3Dchemistry-faculty-publications
"[PDF] Amperometric Biosensors as an Analytical Tool in Food, Dairy and ...",http://globalresearchonline.net/journalcontents/v65-1/10.pdf
[PDF] Amperometric Detection of Neurotransmitter Release from Taste ...,https://digitalcommons.iwu.edu/cgi/viewcontent.cgi%3Farticle%3D2868%26context%3Djwprc
[PDF] Amperometric Bioelectronic Tongue for glucose determination,https://www.clarkson.edu/sites/default/files/2017-11/sensingandbiosensing.pdf
"[PDF] Amperometric pH-sensing biosensors for urea, penicillin, and ...",http://oww-files-public.s3.amazonaws.com/4/4f/AmperometricpHmeasurments_(2).pdf
[PDF] Amperometric Probe Commissioning Guidelines V1.1,https://realtechcontrols.com/wp-content/uploads/2019/09/Amperometric-Probe-Commissioning-Guidelines-V1.1.pdf
Vibrating Electrodes in Amperometric Titrations - RSC Publishing,https://pubs.rsc.org/en/content/articlepdf/1951/an/an9517600647
[PDF] ECL Closed amperometric cells - Convergent Water Controls,https://cwc.com.au/cwc2/wp-content/uploads/2016/05/EMEC-EC1-to-ECL18-Data-Sheet-R1-08-14.pdf
[PDF] Comparison of On-line Chlorine Analysis Methods and ...,https://sitefiles.camlab.co.uk/Hach%2520App%2520Note%2520Comparison%2520of%2520On-line%2520Chlorine%2520Analysis%2520Methods.pdf
recent insights into amperometric enzyme biosensors,https://www.tandfonline.com/doi/pdf/10.1080/21691401.2017.1315426
Improvements in Amperometric Detection of Sulfite in Food Matrixes,https://academic.oup.com/jaoac/article-pdf/80/6/1374/32460185/jaoac1374.pdf
[PDF] Analytical Parameters of an Amperometric Glucose Biosensor for ...,https://mdpi-res.com/d_attachment/sensors/sensors-17-02620/article_deploy/sensors-17-02620.pdf
Simultaneous Capacitance and Amperometric Measurements of,https://www.cell.com/biophysj/pdf/S0006-3495(96)79315-3.pdf
[PDF] Amperometric Glucose Biosensor Based on Platinum Nanoparticles ...,https://case.edu/cse/eche/daigroup/Journal%2520Articles/2007/Zhao-2007-Amperometric%2520glucose%2520biosensor.pdf
[PDF] Alphasense Application Note AAN 111-02 MODELLING ...,https://www.alphasense.com/wp-content/uploads/2014/01/AAN_111.pdf
[PDF] Introduction to Amperometric Biosensor Configurations,http://www.currentseparations.com/issues/16-3/cs16-3f.pdf
Amperometric measurements with ion-selective electrode ...,https://link.springer.com/content/pdf/10.1007/BF01244844.pdf
[PDF] Development of Amperometric Microbiosensors for Neurochemical ...,https://digitalcommons.latech.edu/cgi/viewcontent.cgi%3Farticle%3D1850%26context%3Ddissertations
Development of a new amperometric biosensor based ... - De Gruyter,https://www.degruyter.com/document/doi/10.1351/pac200173121993/pdf
[PDF] Amperometric detection of dopamine and ascorbic acid with zeolite ...,https://www.witpress.com/Secure/elibrary/papers/WP12/WP12039FU1.pdf
[PDF] Amperometric immunoassay for the obesity biomarker amylin using ...,https://www.anteotech.com/wp-content/uploads/2019/12/Martinez-Garcia-G.-et-al.-2018-Amperometric-immunoassay-for-the-obesity-biomarker-amylin.-Microchimica-Acta.pdf
Amperometric Electrochemical Sensor Array for On-Chip ...,https://iopscience.iop.org/article/10.1143/JJAP.50.04DL03/pdf
[PDF] Evaluation of an amperometric biosensor for the detection of ...,https://digitalcommons.lsu.edu/cgi/viewcontent.cgi%3Farticle%3D5102%26context%3Dgradschool_theses
[PDF] University of Groningen Amperometric enzyme-based biosensors,https://research.rug.nl/files/52226312/Chapter_3.pdf
[PDF] Amperometric Applications to The Assay of Some Biocompounds of ...,https://www.longdom.org/open-access/amperometric-applications-to-the-assay-of-some-biocompounds-ofinterest-in-food-and-clinical-analysis-an-editorial-2161-1009-1000e168.pdf
[PDF] Amperometric Hydrogen Peroxide micro-sensor - AMT GmbH,https://www.amt-gmbh.com/pdf/Microsensor%2520H2O2.pdf
Amperometric Titrations. IV. The Use of Metal Electrode of High ...,https://www.journal.csj.jp/doi/pdf/10.1246/bcsj.25.142
[PDF] Amperometric Biosensors Based on Direct Electron Transfer Enzymes,https://pdfs.semanticscholar.org/0b9c/b61b0cf5fc42b4d1d09092ae43084c0c3ebd.pdf
[PDF] SCL Closed amperometric cells - EMEC Pumps,http://www.emecpumps.com/ru/probes/%3Femec_documento%3DDatasheets/Sonde/inglese/SCL_closed_amp_cell_eng.pdf
[PDF] Sensitive amperometric determination of hydrazine using a carbon ...,https://www.ias.ac.in/article/fulltext/boms/040/01/0177-0185
[PDF] Amperometric Electrochemical Sensor with Multiple Working ...,https://myukk.org/SM2017/sm_pdf/SM826.pdf
[PDF] High Accuracy Amperometric Sense and Control Circuit for Three ...,https://www.romjist.ro/content/pdf/enache.pdf
[PDF] Amperometric Detection of Dopamine based on a Graphene Oxide ...,https://ijtech.eng.ui.ac.id/download/article/4323
[PDF] Performance of Amperometric Platinized‚ÄêNafion Based Gas Phase ...,https://deepblue.lib.umich.edu/bitstream/handle/2027.42/145585/elan201800140.pdf%3Fsequence%3D1
[PDF] 8.5.2 Amperometric and related techniques (Techniques Involving ...,http://www.iupac.org/publications/analytical_compendium/Cha08sec52.pdf
[PDF] A Comparison of Amperometric and Optical Dissolved Oxygen ...,https://silo.tips/download/a-comparison-of-amperometric-and-optical-dissolved-oxygen-sensors-in-power-and-i
[PDF] Using Simulations to Guide the Design of Amperometric ...,https://ora.ox.ac.uk/objects/uuid:b0d62f46-c2a5-45a8-8c60-94515ed89eb9/download_file%3Fsafe_filename%3Dcelc.202000674.pdf%26type_of_work%3DJournal%2Barticle
[PDF] pulsed amperometric detection for liquid chromatography,https://www.pharmacopoeia.com/file/Change-proposal_LC-PAD-for-Related-substances-and-Assay.pdf
[PDF] Flow Injection System with Amperometric Detection for ...,https://epg.science.cmu.ac.th/ejournal/dl.php%3Fjournal_id%3D11475
[PDF] Amperometric biosensors,http://homes.nano.aau.dk/lg/Biosensors2008_files/Biosensors2_2008.pdf
[PDF] Amperometric detection - Metrohm,https://www.metrohm.com/content/dam/metrohm/shared/documents/technical-articles/TA-038EN.pdf
[PDF] supported Ag nanoparticl - DergiPark,https://dergipark.org.tr/tr/download/article-file/728523
[PDF] Atrazine analysis using an amperometric immunosensor based on ...,https://core.ac.uk/download/pdf/132295709.pdf
[PDF] Pulsed Amperometric Detection of Disaccharides with Star 9080 EC ...,https://www.agilent.com/cs/library/applications/lc18.pdf
[PDF] 2.2.63. DIRECT AMPEROMETRIC AND PULSED ...,https://file.wuxuwang.com/yaopinbz/EP9/EP9.7_01__2.pdf
