"[PDF] Joseph Luzzi Whereabouts Virtual Book Club â€¢ June 3, 2021 ...",https://josephluzzi.com/wp-content/uploads/2021/04/VBC-Readers-Guide-Whereabouts.pdf
"[PDF] Where is the Privacy in WADA's ""Whereabouts"" Rule?",https://scholarship.law.marquette.edu/cgi/viewcontent.cgi%3Farticle%3D1017%26context%3Dsportslaw
[PDF] Whereabouts-Adams-Summary-13-5-10.pdf - cloudfront.net,https://d2axmwxyhrv2a1.cloudfront.net/2019/12/Whereabouts-Adams-Summary-13-5-10.pdf
[PDF] Athlete Whereabouts Form - VADA,https://vada-testing.org/downloads/forms/VADA_athlete-whereabouts-form.pdf
Optimal Whereabouts Search - jstor,https://www.jstor.org/stable/pdf/169049.pdf
[PDF] ANTI-DOPING WHEREABOUTS GUIDE - The FA,https://www.thefa.com/-/media/files/thefaportal/governance-docs/anti-doping/the-fa-whereabouts-guide-202122-mens-for-club-staff.ashx
[PDF] Athlete Whereabouts - IHF,https://www.ihf.info/sites/default/files/2019-05/44048_wada_whereabouts_aag_eng_web.pdf
[PDF] 2020 Whereabouts Policy.indd - USADA,https://www.usada.org/wp-content/uploads/whereabouts_policy.pdf
[PDF] FREQUENTLY ASKED QUESTIONS - WADA,https://www.wada-ama.org/sites/default/files/resources/files/athlete_central_faq_final_en_0.pdf
[PDF] WHEREABOUTS - 2Leaf Press,http://2leafpress.org/2lp-press-kits/henderson/henderson-brandi-whereabouts-book-info.pdf
[PDF] Whereabouts guide - UEFA.com,https://www.uefa.com/MultimediaFiles/Download/OOCT/uefaorg/Anti-doping/93/79/50/937950_DOWNLOAD.pdf
[PDF] Whereabouts Privacy - Santa Clara Law,http://law.scu.edu/wp-content/uploads/site/whereabouts_web.pdf
[PDF] REMINDER: WHEREABOUTS RESPONSIBILITIES Dear Athletes,https://www.athleticsintegrity.org/downloads/pdfs/know-us/en/AIU-Athlete-Advisory-Reminder-Whereabouts-Responsibilities.pdf
[PDF] November 2021,https://www.isu.org/docman-documents-links/isu-files/documents-communications/clean-sport-1/25976-quick-p-l-a-y-1-whereabouts-management
[PDF] Classification of Whereabouts Patterns From Large-scale Mobility Data,https://citeseerx.ist.psu.edu/viewdoc/download%3Fdoi%3D10.1.1.231.9607%26rep%3Drep1%26type%3Dpdf
[PDF] Whereabouts Reporting Template - Peace Corps,http://files.peacecorps.gov/documents/MS-270-Attachment-A.pdf
[PDF] Whereabouts - Swiss Sport Integrity,https://www.sportintegrity.ch/sites/default/files/Merkblatt_Whereabouts_EN.pdf
[PDF] NOTICE TO INTERESTED PERSONS WHOSE WHEREABOUTS ...,https://www.courts.state.md.us/sites/default/files/court-forms/ccgn046.pdf
[PDF] Whereabouts Guide for IGF Olympic RTP Athletes,https://gsites.brightspotcdn.com/c8/88/e59c2b304f8899d7059f0e0023b4/igf-whereabouts-guide-june-2021.pdf
[PDF] ADAMS Quick Reference Card - Athletes - FIS,https://assets.fis-ski.com/image/upload/v1536764177/fis-prod/assets/WhereaboutsQuickReferenceCard-FEB2013_Neutral.pdf
[PDF] CONCERNING OUR WHEREABOUTS - Centerplace.org,http://www.centerplace.org/library/study/ConcerningOurWhereabouts.pdf
"[PDF] PCA 356b, Addendum B to Verified Declaration About Paternity ...",https://www.courts.michigan.gov/4a278e/siteassets/forms/scao-approved/pca356b.pdf
BIA Consent on behalf of Whereabouts Unknown,https://www.bia.gov/sites/default/files/dup/assets/public/raca/online_forms/pdf/BIA%2520Consent%2520on%2520Behalf%2520of%2520Whereabouts%2520Unknown_updated_508.pdf
[PDF] World Triathlon Whereabouts Requirements for Testing Pools,https://www.triathlon.org/uploads/docs/World_Triathlon_Whereabouts_Requirements_for_testing_pool-final1.pdf
Optimal Whereabouts Search - PubsOnLine,https://pubsonline.informs.org/doi/pdf/10.1287/opre.19.4.894
"[PDF] VITAL STATS - Name: TOPETE, DAVID",http://file.lacounty.gov/SDSInter/probation/1064525_AB109TOPETEX176302011122019.pdf
"[PDF] Supplemental Father Information Sheet Father's Name Known, but ...",https://www.oakgov.com/courts/circuit/Documents/adoption-forms/ad-supp-fath-known-id-unknown_whereabout.pdf
[PDF] Landowners that are Whereabouts Unknown (WAU) at the Turtle ...,https://tmchippewa.com/wp-content/uploads/2021/02/Turtle_Mountain_WAU_LLBP_List.pdf
[PDF] How to Respond to Requests for Student Information or Whereabouts,http://collegeofsanmateo.edu/international/docs/GuideLawEnforcementImmigrationOfficers.pdf
[PDF] Minor AFFIDAVIT OF PARENT WHOSE WHEREABOUTS ARE ...,https://www.courts.mo.gov/hosted/circuit11/Documents/AFFparUNKNOWN.pdf
