"[PDF] Induction, recording and recognition of natural emotions from facial ...",http://citeseerx.ist.psu.edu/viewdoc/download%3Fdoi%3D10.1.1.360.8129%26rep%3Drep1%26type%3Dpdf
[PDF] ?? ???? ZZ ??? ???? ???? A,https://patentimages.storage.googleapis.com/41/cf/f8/3411220584e9b0/US1898871.pdf
[PDF] ISOCAM PHOTOMETRY OF FAINT 6.7 micron SOURCES IN THE ...,https://www.cosmos.esa.int/documents/1145917/1145942/technote19.pdf/be86e276-85d3-433d-8bb5-3975def08a7e
[PDF] GUANTANAMO DETAINEE PROFILE,http://www.prs.mil/Portals/60/Documents/ISN3148/FileReview3/20180809_U_ISN_3148_GOVERNMENTS_UNCLASSIFIED_SUMMARY_PUBLIC.pdf
[PDF] GUANTANAMO DETAINEE PROFILE,http://www.prs.mil/Portals/60/Documents/ISN3148/FileReview4/20190123_U_ISN_3148_UNCLASSIFIED_SUMMARY_PUBLIC.pdf
[PDF] Fixed-Term Parliaments Act,https://committees.parliament.uk/publications/5190/documents/52402/default/
[PDF] 104-10168-10031.pdf,https://www.archives.gov/files/research/jfk/releases/104-10168-10031.pdf
[PDF] Proqurement Rivisi*xr - Oklahoma Department of Public Safety,http://204.61.10.226/bids/itb-2301043.pdf
The Importance of Interflow to Groundwater Recharge in a Snowmelt ...,https://agupubs.onlinelibrary.wiley.com/doi/pdf/10.1029/2019GL082447
[PDF] international linear collider accelerator physics r&d - OSTI.GOV,https://www.osti.gov/servlets/purl/948726
PUBLIC OPINION AND RECENT AUSTRALIA-JAPAN RELATIONS,https://academic.oup.com/policyandsociety/article-pdf/4/1/15/42633507/10349952.1991.11876765.pdf
[PDF] CRISSCROSS/PROTON PURPOSE: Provide DIRNSA information ...,https://www.aclu.org/sites/default/files/field_document/CRISSCROSS%2520Proton%2520Point%2520Paper.pdf
"[PDF] Frank S. Evans, Editor and Publisher L'ublished at Sedro-Woolley ...",https://skagitcountywa.gov/PublicWorksSalmonRestoration/Documents/Historic/Courier%2520Times%2520PDFs/1949-12-01%2520-%2520F%2520-%2520Things%2520To%2520Be%2520Done.pdf
[PDF] Resolution 2018-199 - Placer County,https://www.placer.ca.gov/DocumentCenter/View/36315/2018-110618-Signed-Resolution-2018-199-Item-16C-CEO
[PDF] Procurement Division - Oklahoma Department of Public Safety,http://204.61.10.226/bids/ITB%2520PACKET%25202401698.pdf
JJMOUNT - Rocky Mount,http://cityofrockymount.hosted.civiclive.com/UserFiles/Servers/Server_230888/File/Government/Mayor%2520%26%2520City%2520Council/Agendas%2520%26%2520Minutes/2018/Jan%25208/Item%252011.pdf
[PDF] LastName FirstName Company Name Address City State ... - ITU,https://www.itu.int/ITU-D/finance/work-cost-tariffs/events/tariff-seminars/nigeria-02/attendeebycountry1.pdf
[PDF] Full page fax print - Skagit River History,https://www.skagitriverhistory.com/Slipper/When%2520Hamilton%2520Burned.pdf
RESOLUTION NO. R-96-125 RESOLUTION AMENDING ...,https://discover.pbcgov.org/pzb/zoning/Resolutions-1993-2003/R-96-0125.pdf
[PDF] J>£LAa^ - Search / Commission Files,http://documents.dps.ny.gov/public/Common/ViewDoc.aspx%3FDocRefId%3D%257BBB69AF48-CC17-4B4F-86CA-CC796B2E264F%257D
"[PDF] July 10, 2018 - Sumter County",https://www.sumtercountyfl.gov/AgendaCenter/ViewFile/Item/17453%3FfileID%3D41415
[PDF] COURIER - The Inter-Faith Chapel,http://www.inter-faithchapel.org/s/_October-2020-Courier.pdf
[PDF] Resolution of the New Jersey Pinelands Commission - NJ.gov,https://www.nj.gov/pinelands/landuse/current/wireless/TMobilePlan%2520-%2520Resolution%2520and%2520Full%2520ED%2520Report.pdf
[PDF] DIVISION OF CEMETERIES,https://dos.ny.gov/system/files/documents/2022/03/15-077-d.-tonken-retort-replacement-application.pdf
Untitled - LoopNet.com,https://images1.loopnet.com/d2/Gompg_pNzb0c2clGqJkEWgcHa6A8bu8PypwxUEvewkI/document.pdf
Untitled - Municipality of North Cowichan,https://www.northcowichan.ca/pdfmaps/PDF_VARIOUS/mvc-P24.pdf
"[PDF] i~. , / ..l,,,v (J,,zt.",https://www.legis.iowa.gov/docs/publications/HD/923602.pdf
"q,ю4t3 - City of Fresno",https://documents.fresno.gov/WebLink/0/edoc/1117657/GrundfosPumpsManufacturingSpecIrrigationWaterService.pdf
[PDF] 2018_03_02 BGS - NEWSME Response to DEP's Comments.pdf,https://www.maine.gov/dep/waste/juniperridge/documents/2017amendment/2018_03_02%2520BGS%2520-%2520NEWSME%2520Response%2520to%2520DEP's%2520Comments.pdf
[PDF] WHEN TOUSSAINT CONDUCTS - Hunter College Libraries,https://library.hunter.cuny.edu/old/sites/default/files/pdf/archive_articles/greenberg_when_toussaint_conducts_011944.pdf
