[PPT] Optical Tweezers,https://june.uoregon.edu/experiments/Optical-Tweezers/Optical%2520Tweezers%2520Final%2520Presentation.pptx
[PPT] Powerpoint,https://warwick.ac.uk/fac/sci/physics/staff/academic/gmorley/outreach/ashkin_nobel.pptx
[PPT] Using GPUs for Real time Prediction of Optical Forces on ...,http://www.sujal.umiacs.io/files/GPU_OT_Slides.pptx
[PPT] Shedding light on improving bacterial motion tracking,https://courses.physics.illinois.edu/phys596/fa2011/StudentWork/team7_highlight_final.pptx
[PPT] PowerPoint Presentation - Humble ISD,https://www.humbleisd.net/cms/lib/TX01001414/Centricity/Domain/5243/Evidence%2520Collection%2520Law%2520and%2520Regulation.pptx
[PPT] Don't Let the Ticks Bite Teaching Tool,https://www.cdph.ca.gov/Programs/CID/DCDC/CDPH%2520Document%2520Library/2015UpdateDLTTB-by-click.ppsx
[PPT] My 10-minute presentationâ€¦ I'm serious! - - OpenWetWare,http://www.openwetware.org/images/5/5d/NSMS_IGERT_Nano_Cafe_(2_12_09).pptx
[PPT] Occupational Therapy Activities for Home,https://www.cville.k12.ky.us/fs/resource-manager/view/4759cd3a-660c-4013-91da-defb64b7a0c5
[PPT] Information Engines Conferences - University of Hawaii System,http://www2.hawaii.edu/~sstill/Hawaii_2019Symposium_DeWeese.pptx
[PPT] MENU - Nuco Plus,https://www.nucoplus.com/factsheets/level2efa/small%2520splinters.pptx
