File:en-uk-flaps.ogg - Wiktionary,https://en.m.wiktionary.org/wiki/File:en-uk-flaps.ogg
File:En-au-meat flaps.ogg - Wiktionary,https://en.m.wiktionary.org/wiki/File:En-au-meat_flaps.ogg
"File:Retroflex flaps.ogg - Simple English Wikipedia, the free ...",https://simple.wikipedia.org/wiki/File:Retroflex_flaps.ogg
File:Retroflex flap.ogg - Wikimedia Commons,https://commons.wikimedia.org/wiki/File:Retroflex_flap.ogg
File:Retroflex flaps.ogg - Wikimedia Commons,https://commons.wikimedia.org/wiki/File:Retroflex_flaps.ogg
Spencer Ogg | Facebook,https://nb-no.facebook.com/spencer.ogg%3Fref%3Dpy_c
ファイル:Retroflex flap.ogg - Wikibooks,https://ja.wikibooks.org/wiki/%25E3%2583%2595%25E3%2582%25A1%25E3%2582%25A4%25E3%2583%25AB:Retroflex_flap.ogg
Masquerain | Pokémon Wiki - Fandom,http://pokemon.wikia.com/wiki/File:284.ogg
File:Alveolar tap.ogg - 来自维基导游的旅行指南,https://zh.m.wikivoyage.org/wiki/File:Alveolar_tap.ogg
File:Alveolar tap.ogg - 來自維基導遊的旅行指南,https://zh.wikivoyage.org/zh-hk/File:Alveolar_tap.ogg
