"[PPT] Enlightenment, Counter-Enlightenment, and the Supernatural",https://warwick.ac.uk/fac/arts/history/students/modules/hi203/programme/enlightenment_counter-enlightenment_and_the_supernatural.pptx
[PPT] Supernatural Elements in Macbeth,https://theelements.schools.nsw.gov.au/content/dam/doe/sws/schools/t/theelements/localcontent/supernatural_elementsinmacbethedit.pptx
[PPT] Unit 2: Religion and Belief Systems,https://www.ccusd93.org/cms/lib/AZ02204140/Centricity/Domain/909/Concepts%2520of%2520Religion.pptx
[PPT] mind-blind atheism - OSF,https://osf.io/4ynkf/%3Faction%3Ddownload%26version%3D1
[PPT] Finding God & Being Found by God,https://www.smp.org/dynamicmedia/files/1617aeffba9efe03ba93eb523c0f6b0c/TX001169-1-PowerPoint-Gods_Existence.pptx
[PPT] The supernatural in Shakespeare,https://mseffie.com/assignments/shakespeare/Beliefs.pptx
"[PPT] Starting with the extract, explain how far you think Shakespeare ...",https://examsuccesshome.files.wordpress.com/2019/04/writing-a-response-to-macbeth-witchcraft.pptx
[PPT] Titel der Pr√§sentation - European Survey Research Association,https://www.europeansurveyresearch.org/conf2019/uploads/896/3212/23/Bluemke_et_al_2019_Religiosity_ESRA.pptx
[PPT] Chapter 15 Powerpoint - cloudfront.net,https://d2y1pz2y630308.cloudfront.net/11089/documents/2020/4/Chapter%252015%2520Powerpoint.pptx
[PPT] Lecturer: Dr. Dan-Bright S. Dzorgbo - godsonug,https://godsonug.files.wordpress.com/2016/04/session7-1-copy.pptx
[PPT] Unveiling the Mystery of - CHEC Faith Chapel,https://www.checfaithchapel.org/df_media/W1siZiIsIjIwMTUvMTEvMDgvMDcvMzgvNDAvNWUxOTVkYjUtNjg0My00OTQ0LWE2YjMtZTI2OGNlMmNjZDE1L1VudmVpbGluZyB0aGUgTXlzdGVyeSBvZiBTdXBlcm5hdHVyYWwgSGFydmVzdC5wcHR4Il1d/Unveiling%2520the%2520Mystery%2520of%2520Supernatural%2520Harvest.pptx%3Fsha%3Deaee88d7258ac3e8
[PPT] FileNewTemplate - CHEC Faith Chapel,https://www.checfaithchapel.org/df_media/W1siZiIsIjIwMTUvMTEvMjgvMTgvMjgvNTcvZDllMTkwMWItNmYxYy00M2Y4LWFiNGUtNWM4MzQyMTc4ZDFlL1VudmVpbGluZyB0aGUgTXlzdGVyeSBvZiBTdXBlcm5hdHVyYWwgSGFydmVzdC0yLnBwdHgiXV0/Unveiling%2520the%2520Mystery%2520of%2520Supernatural%2520Harvest-2.pptx%3Fsha%3D046c4290a3e5781e
[PPT] Archetypes - Midland ISD,http://www.midlandisd.net/cms/lib01/TX01000898/Centricity/Domain/2091/Archetypes.pptx
[PPT] Tips for Providing Culturally Competent Care Don't stereotype people,https://www.va.gov/covidtraining/docs/Cultural_and_Age_specific_competence.pptx
[PPT] PowerPoint Presentation,https://mymission.lamission.edu/userdata/etherism/docs/121Lect2SP14.pptx
[PPT] The Shakespearean Tragedy,https://www.cusd80.com/cms/lib/AZ01001175/Centricity/Domain/4938/The%2520Shakespearean%2520Tragedy%2520VIERA.pptx
[PPT] Sir Gawain and the Green Knight,https://ga01000549.schoolwires.net/cms/lib/GA01000549/Centricity/Domain/7900/Sir%2520Gawain%2520and%2520the%2520Green%2520Knight.pptx
[PPT] The Tragedy of,https://www.neshaminy.org/cms/lib/PA01000466/Centricity/Domain/2740/shakespeare%2520macbeth%25201.pptx
[PPT] Jane Eyre Presentation - Pearland ISD,http://www.pearlandisd.org/cms/lib/TX01918186/Centricity/Domain/845/Group%25206.pptx
