aws-parallelcluster-node/tox.ini at develop - GitHub,https://github.com/aws/aws-parallelcluster-node/blob/develop/tox.ini
Agama/schwarzschild_axisym.ini at master · GalacticDynamics ...,https://github.com/GalacticDynamics-Oxford/Agama/blob/master/data/schwarzschild_axisym.ini
file format: # # line1: output file # line2: error file # line3: list of 2-char ...,https://vxug.fakedoma.in/zines/29a/29a8/Utilities/29A-8.010/CONVERT.INI
openstack/tripleo-ansible - tripleo-ansible - OpenDev: Free Software ...,https://opendev.org/openstack/tripleo-ansible/commits/branch/master/tox.ini
tox.ini - config - Gitiles,https://review.rdoproject.org/r/plugins/gitiles/config/%2B/9e3b9f2094efa77021e9e005df15b68c1e88047d/tox.ini
tox.ini - rdo-infra/ci-config - Gitiles,https://review.rdoproject.org/r/plugins/gitiles/rdo-infra/ci-config/%2B/31ec3f28118dd5c15b47c0522930893fb8d0f8d7/tox.ini
Galaxy is configured by default to be useable in a single-user ...,https://www.cs.brandeis.edu/~marc/lapps/discovery/discovery-course/galaxy/galaxy.ini
website/universe_wsgi.ini ... - EMBL GitLab Server,https://git.embl.de/deghou/drug_enrichment_tool/-/blob/e76fa4c387fb4e76672d158971a68bc7cfab1ad2/website/universe_wsgi.ini
Repository - MPCDF Gitlab,https://gitlab.mpcdf.mpg.de/allee/mpg_common/blob/ab3ba542cb8621ce36c4d6071a70b0c22061d8a2/xataface-2.1.2/lang/en.ini
Notes Integration | CMT BTCal 5.0 | Manualzz,https://manualzz.com/doc/o/o0x2r/notes-integration---cmt-btcal-5.0-section-9---configuring-notes.ini
gitea/locale_en-US.ini at main,https://gitea.com/lunny/gitea/src/branch/main/options/locale/locale_en-US.ini
/galaxy-central/universe_wsgi.ini – BH10.10,http://kiban.dbcls.jp/bh10.10/browser/galaxy-central/universe_wsgi.ini
tokens.ini - VDF-GUIdance,http://svn.vdf-guidance.com/TheHammer/trunk/Hammer/Programs/tokens.ini
LIMA Badminton Jakarta Digelar Pekan Ini Halaman all - Kompas.com,https://olahraga.kompas.com/read/2016/03/27/23522221/.LIMA.Badminton.Jakarta.Digelar.Pekan.Ini%3Fpage%3Dall
Download/Open - Eric Issue Tracker,https://tracker.die-offenbachs.homelinux.org/eric/file160/eric6.ini
Hue configuration file ...,https://raw.githubusercontent.com/cloudera/hue/master/desktop/conf.dist/hue.ini
VisNetic WebMail - Login Form,http://54.37.17.101:8000/comments/install/ventrilo_srv.ini
shellfu/shellfu-bash-saturnin - Gitea: Git with a cup of tea,https://gitea.vornet.cz/shellfu/shellfu-bash-saturnin/commits/commit/86d07845c4b858143b82ae4674e249a460c74466/mkit.ini
Server Administration - Connection Status,http://31.220.45.118:8080/pm/preferences.ini
