[PDF] What's a 'Musher'?,https://www.cabarrus.k12.nc.us/site/handlers/filedownload.ashx%3Fmoduleinstanceid%3D13609%26dataid%3D298737%26FileName%3Dgrade%25205%2520-%2520content2.pdf
[PDF] MOTHERS DON'T LET YOUR CHILDREN GROW UP TO BE DOG ...,http://www.miortuk-alaskan-husky-kennel.com/uploads/2/2/1/9/2219960/mothers_dont_let_your_children_grow_up_to_be_dog_mushers-1.pdf
[PDF] Musher's Lingo - Pennsylvania Sled Dog Club,https://www.pasleddogclub.com/s/Mushers-Lingo.pdf
[PDF] 1. musher: a person who travels over the snow with a sled dog team ...,http://teamnla.weebly.com/uploads/3/7/8/0/37802247/iditarodsleddograce.pdf
[PDF] ditarod trail international sled dog race official rules 2015 - Iditarod,http://iditarod.com/wp-content/uploads/2011/12/2015-RACE-RULES-5-30-14.pdf
[PDF] Human-Sled Dog Relations: What Can We Learn from the Stories ...,https://www.animalsandsociety.org/wp-content/uploads/2016/05/kuhl.pdf
[PDF] Iditarod​​Official​​Finishers​​Club - Amazon S3,https://s3.amazonaws.com/arc-wordpress-client-uploads/adn/wp-content/uploads/2017/10/23001109/IOFC-Press-Release-Final.pdf
[PDF] Iditarod: is a sled dog race from Anchorage to Nome. - AWS,https://core-docs.s3.amazonaws.com/documents/asset/uploaded_file/81089/Resource6_FactsAboutIditarod.pdf
"[PDF] Job Hazard Analysis - Dog Sledding, Mushing","https://www.wilderness.net/toolboxes/documents/safety/JHA%2520Dog%2520Sledding,%2520Mushing_USFS.pdf"
[PDF] Chugiak Junior Dog Mushers Racing Rules,https://www.chugiakdogmushers.com/uploads/8/5/1/8/85187374/chugiak_junior_dog_mushers.pdf
“Tales from the Trail”: Oratory and Affect among Alaska Dog Mushers,https://www.degruyter.com/document/doi/10.1515/opan-2022-0115/pdf
[PDF] Iditarod Training - Education World,https://www.educationworld.com/a_lesson/TM/WS_lp302-01-download.pdf
[PDF] Parking Map for Mushers at Denali Headquarters,https://www.nps.gov/dena/planyourvisit/upload/HQ-parking-for-mushers.pdf
[PDF] Homemade Mushers Paw Pro - Polaris Alaskan Malamute Rescue,https://www.polarismalamuterescue.org/transfer/Homemade%2520Mushers%2520Paw%2520Pro.pdf
[PDF] Jr Iditarod 2020 Rules,http://jriditarod.com/wp-content/uploads/2019/11/2020-Jr-Iditarod-Race-Rules.pdf
[PDF] JR-Musher-Application.pdf - Jr. Iditarod,https://jriditarod.com/wp-content/uploads/2020/08/JR-Musher-Application.pdf
Aurora Dog Mushers Winter Trail System - Cloudinary,https://res-1.cloudinary.com/simpleview/image/upload/v1/clients/mat-su/AuroraDogMushers_21963699-857a-472e-b8e9-e3eaaf4e5fa7.pdf
[PDF] Examples of Junior Mushing Clubs Mat Su 4-H Junior ASDRA ...,http://attlamakingofachampion.com/wp-content/uploads/2016/05/Junior-Program-examples.pdf
[PDF] Alaska Women in the Iditarod. - ERIC - Department of Education,http://files.eric.ed.gov/fulltext/ED347015.pdf
[PDF] One Health Insights from A Youth Dog Mushing Program in Rural ...,https://anthc.org/wp-content/uploads/2021/11/Brooks-et-al-One-Health-Insights-from-A-Youth-Dog-Mushing-Program-in-Rural-Alaska-Reflected-through-Photovoice-Digital-Storytelling-and-Focus-Groups.pdf
How Mushy Are Mushers? A Study in (Narrative) Empathy,https://academic.oup.com/isle/article-pdf/27/1/27/32992634/isz109.pdf
[PDF] Bib list 2022 - John Beargrease Sled Dog Marathon,https://beargrease.com/wp-content/uploads/2022/01/Bib-list-2022.pdf
[PDF] Tracking Your Musher,http://www.wasatch.edu/cms/lib/UT01000315/Centricity/Domain/444/Iditarod%2520Tracking.pdf
[PDF] Mushers Schedule of Events - CopperDog 150,https://www.copperdog150.com/media/2014/2/CD14MushersSchedule_web.pdf
[PDF] Gender and Mushing in the United States | Journal of Outdoor ...,https://js.sagamorepub.com/jorel/article/download/10992/8258
[PDF] Musher/Handler Information - | Yukon Quest,https://yukonquest.com/media/180/download
[PDF] Iditarod Adventures Tales From Mushers Along The Copy,https://senaesteveslab.umassmed.edu/book/iditarod-adventures-tales-from-mushers-along-the/%3Fview%3DP4148
[PDF] May4 parent info.pdf - Mikelnguut Elitnaurviat,https://me.lksd.org/UserFiles/Servers/Server_100848/File/May4%2520parent%2520info.pdf
[PDF] NH Recreational Trail Etiquette,https://www.nhstateparks.org/getmedia/156029c2-c4ed-4044-bf95-2b3857f85f29/Trail-Ettiquette-Information-Sheet-(non-motorized).pdf
[PDF] Iditarod Adventures: Tales from Mushers Along the Trail,https://dhjhkxawhe8q4.cloudfront.net/west-margin-books-wp/wp-content/uploads/2019/05/22171553/Iditarod-Adventures-discussion-questions.pdf
