[PDF] Tenant Estoppel Certificates: Purposes and Interpretations,https://katten.com/files/21671_Huben--Shopping_Center_Legal--Tenant_Estoppel.pdf
[PDF] Estoppel Certificates: A Review Checklist from a Tenant's Perspective,http://www.maslon.com/webfiles/MaslonAttorneyPublications/PREL1405_Jacobson.pdf
[PDF] Estoppels and SNDAsâ€”Understanding and Negotiating the ...,https://www.troutman.com/images/content/2/8/289141/Estoppels-and-SNDAs-Probate-and-Property-Sept-Oct-2021.pdf
"[PDF] estoppel letters & subordination, nondisturbance",https://www.lba.org/files/Marie%2520Moore.pdf
[PDF] Tenant Estoppels Do Work - REF News & Views - Cadwalader,https://www.cadwalader.com/ref-news-views/getPDF.php%3Feid%3D169%26nid%3D37
[PDF] Estoppel in Property Law - UNL Digital Commons,https://digitalcommons.unl.edu/cgi/viewcontent.cgi%3Farticle%3D1493%26context%3Dnlr
[PDF] theories of waiver and estoppel in the duty to defend steve shattuck ...,https://www.cooperscully.com/uploads/seminars/Shattuck-WaiverEstoppel.pdf
[PDF] Estoppel as Affecting Title to Real Property,https://scholarship.law.marquette.edu/cgi/viewcontent.cgi%3Freferer%3D%26httpsredir%3D1%26article%3D4638%26context%3Dmulr
[PDF] MODEL TENANT ESTOPPEL CERTIFICATE (FORM),https://www.joshuastein.com/PDF/Model_Tenant_Estoppel__Certificate_(Form)_100112.pdf
[PDF] ground lease estoppel certificate and agreement,https://www.rcgov.org/index.php%3Foption%3Dcom_docman%26view%3Ddocument%26alias%3D7522-lf081617-12-lester-hospitality%26category_slug%3D08-august-lf-1%26Itemid%3D149
